id,instructor_id,course_id,created_at,updated_at
0600969f-b505-4557-9280-10d37bc7b9de,488654fc-95f1-4065-91f1-b6a7e5224129,0397c1dd-b85f-4205-8b59-c7633491790a,2025-07-23 02:20:56.444534+00,2025-07-23 02:20:56.444613+00
06afa4a8-7b5d-4f8f-ab26-114d8f7d5efb,d2fbae12-8e78-45cd-a7b2-46e4e18a91e9,fc4e7890-ad3b-4c31-8d2a-96bb8e92e8fd,2025-07-23 02:19:22.935665+00,2025-07-23 02:19:22.935725+00
0803fa2e-ea69-4c45-b453-d8e34bf56cd5,48a952b1-1bbf-4971-8485-481316f5dbed,653fbd83-c9e8-431e-bc94-cac4070ddfc6,2025-07-23 02:20:58.429559+00,2025-07-23 02:20:58.429643+00
084d4be0-495e-4d70-b43d-e9bbbd0c6251,938ce473-6c90-4982-b93d-647a21693a6a,2252abdf-9310-4b49-8b64-1b28ce1aadac,2025-07-23 02:20:25.975346+00,2025-07-23 02:20:25.975396+00
0a00d7d4-d4f6-41d1-bcb6-7e58c88a7e93,365e2e81-92a3-4588-a6c9-a89e324bfceb,6928e263-7f87-4df9-a5c4-1f04095bc119,2025-07-23 02:20:01.543767+00,2025-07-23 02:20:01.54382+00
0c78484b-7e5d-4f47-8b92-9a3359818080,91b09280-26e6-4f0a-85f7-82a3d17eccc0,99a4f0a7-0ae7-4246-9f1b-ba6ddb1a56b3,2025-07-23 02:18:30.251611+00,2025-07-23 02:18:30.251793+00
0f232221-f9f9-49fd-b9bb-ee5c27b3cade,a1e77beb-1c9b-4711-a715-c9ba4c318981,b04ccbd2-df92-47b3-81aa-d69ffacf6857,2025-07-23 02:19:57.603747+00,2025-07-23 02:19:57.604003+00
102e788f-de4e-48ad-8b64-339ec9fdd7ce,d171a840-3ff7-4178-8920-18d1f55a98bc,21f9bcaa-5996-4bf7-b561-c5a2e6e6ca02,2025-07-23 02:20:56.984063+00,2025-07-23 02:20:56.984108+00
107850b2-35c4-4e93-b008-eb2ad28918e8,ea5c6299-1988-42c4-bc8b-1644f890eff8,fe4837fc-fc45-494c-a01c-68098fac272f,2025-07-23 02:19:33.522919+00,2025-07-23 02:19:33.522983+00
10f9c9bc-5af9-438c-83cc-2f6368f55d6f,4a0e2227-0eff-4335-8724-c016a7be2360,d2848fe1-3083-4a10-9911-d5ddb00004fa,2025-07-23 02:18:43.047881+00,2025-07-23 02:18:43.047919+00
13805a1a-da15-402f-baf6-ce7be1682c17,3e1d9166-f135-4281-875e-004c7f1217ff,182a25ec-6246-4227-8113-45b702c80ebe,2025-07-23 02:20:40.018964+00,2025-07-23 02:20:40.019012+00
14f5d31b-13b3-423d-a577-0de5bea815d0,2b10616d-39f8-4f68-9dab-54b09091e62d,97131ad3-d96c-4b7d-b137-1c6404b7f90b,2025-07-23 02:20:21.908287+00,2025-07-23 02:20:21.908333+00
15b2d30e-156b-4759-bb37-59e9a707cc78,e7c07afa-f2da-4c02-b5b0-2fb1188eded2,e28dcece-e397-4959-8139-ce493f7edd86,2025-07-23 02:20:36.562868+00,2025-07-23 02:20:36.562918+00
169d7da5-c84e-4f82-81ce-794ef2151ae0,c96825d9-3c67-4dc0-8438-60a7790788f5,6c51ed8b-9c6e-4553-b9a3-56e84eb8a1ae,2025-07-23 02:18:46.150659+00,2025-07-23 02:18:46.150706+00
1885dec1-a25f-4470-b9c4-af3237c01252,d171a840-3ff7-4178-8920-18d1f55a98bc,ef2a0b22-84d4-4d9b-baba-02e37e3ad28c,2025-07-23 02:19:13.237808+00,2025-07-23 02:19:13.237849+00
1ab78d6d-4293-42c0-8383-a44260e2930e,7bd865b0-3216-420e-ba0b-f7d9f3426e73,5d68a7a3-b711-468e-a2b2-3c18599fa839,2025-07-23 02:18:31.00132+00,2025-07-23 02:18:31.001373+00
1abbbd13-4dc3-44e8-baeb-0384b80c53cb,c96825d9-3c67-4dc0-8438-60a7790788f5,ba6a3083-3232-4f44-9d6c-da4e3337ea2f,2025-07-23 02:18:37.319271+00,2025-07-23 02:18:37.319337+00
1b48a92e-3c3f-4f67-92ed-6219c0c8adfe,3e1d9166-f135-4281-875e-004c7f1217ff,1506b468-d510-4ca1-94f6-b72a639ca5cb,2025-07-23 02:20:25.38275+00,2025-07-23 02:20:25.382803+00
1b7231df-09f2-4445-85ee-5167c4527ddc,84058616-d360-4959-81ef-aa2241864e31,c04aea25-0d3f-4c6f-93f9-f45a6a47cab3,2025-07-23 02:19:29.218771+00,2025-07-23 02:19:29.218818+00
1e860567-5ebe-4a4e-90dc-9c5291e15307,abfde34f-c26c-4619-bd49-ee7c68d53f94,a104dbd2-83af-4568-bbb7-ead14e6b9c81,2025-07-23 02:20:18.682265+00,2025-07-23 02:20:18.682312+00
20a1e58c-3980-4bc5-a076-7826ba936212,c96825d9-3c67-4dc0-8438-60a7790788f5,6c51ed8b-9c6e-4553-b9a3-56e84eb8a1ae,2025-07-23 02:20:51.836053+00,2025-07-23 02:20:51.836105+00
20d8c4df-8443-4ea3-9e65-e51d9aa8b7d6,f394f865-9f0f-48e4-aff4-8faa62f1b546,45402262-754b-4a3e-a187-391b4fe240bd,2025-07-23 02:18:33.227437+00,2025-07-23 02:18:33.227509+00
2114868d-d086-4820-af24-20d0201392f5,3e1d9166-f135-4281-875e-004c7f1217ff,182a25ec-6246-4227-8113-45b702c80ebe,2025-07-23 02:18:29.53421+00,2025-07-23 02:18:29.534266+00
21cda991-2c23-40cb-bdce-6aebf80fcd1f,30c85141-1719-48a9-846b-061ebd8fe793,cec6538e-336f-49c2-a76b-91613e337395,2025-07-23 02:18:32.485582+00,2025-07-23 02:18:32.485639+00
2239c211-88fc-406b-af5e-b8585c20e28b,e7c07afa-f2da-4c02-b5b0-2fb1188eded2,e28dcece-e397-4959-8139-ce493f7edd86,2025-07-23 02:20:14.731931+00,2025-07-23 02:20:14.73199+00
25d228ea-d00f-4818-b4ec-cc2f5b991b1a,fe27e524-68f9-4d14-8ac8-30cb15513ce9,bcf16f70-4aca-4fda-bb49-ff4e2d9027a8,2025-07-23 02:19:15.954721+00,2025-07-23 02:19:15.954772+00
2672a346-7f3e-46c8-9ba0-cecd75ed10dd,488654fc-95f1-4065-91f1-b6a7e5224129,0397c1dd-b85f-4205-8b59-c7633491790a,2025-07-23 02:19:51.577523+00,2025-07-23 02:19:51.577563+00
27948d84-d2b6-4842-9c8f-d1d34c438cf6,bdf3f6b1-d661-4afb-aa5e-7aaa287d6394,928373f3-8970-48f3-b2b9-f61e781d92d6,2025-07-23 02:20:54.849645+00,2025-07-23 02:20:54.849691+00
27b0d5fe-72cd-4e3a-bbe7-e2769cb89b04,84058616-d360-4959-81ef-aa2241864e31,0fce17b0-70d3-44e3-ac3c-bb3299406b2c,2025-07-23 02:19:09.527692+00,2025-07-23 02:19:09.527893+00
2826d26e-410d-494d-b243-2af42bd61669,365e2e81-92a3-4588-a6c9-a89e324bfceb,25a78bff-9e79-4828-a1f1-6e48554ccfcf,2025-07-23 02:20:43.765887+00,2025-07-23 02:20:43.765941+00
297772e2-b8e2-42c3-b6ae-8d5f1286eb39,189ab287-386e-418f-9a53-ff4495832bf5,fc4da93a-6462-41bf-a678-47a90761f33c,2025-07-23 02:19:13.745786+00,2025-07-23 02:19:13.745831+00
29e7b7c1-74b3-4895-8ee9-be13aa922e71,d171a840-3ff7-4178-8920-18d1f55a98bc,21f9bcaa-5996-4bf7-b561-c5a2e6e6ca02,2025-07-23 02:19:55.884167+00,2025-07-23 02:19:55.884233+00
2a4e2ca2-8530-4855-b77e-e3d2d2aa28f1,d2fbae12-8e78-45cd-a7b2-46e4e18a91e9,fbcd72fa-dad5-4ea1-a260-8320f2980bea,2025-07-23 02:20:04.423771+00,2025-07-23 02:20:04.423813+00
2b8f80c4-58f9-445a-98ad-faf9d58d606b,7dd9f938-e20d-4c15-a90b-7e1b485b3420,5d68a7a3-b711-468e-a2b2-3c18599fa839,2025-07-23 02:18:31.512956+00,2025-07-23 02:18:31.513015+00
2c9ee54d-0db4-4d13-a583-975494d03880,30c85141-1719-48a9-846b-061ebd8fe793,b074e404-cbde-4d62-8157-e8e0cbbb40df,2025-07-23 02:20:31.661909+00,2025-07-23 02:20:31.661961+00
2e399538-afdc-4aa6-8bdf-d229bf8ba2b6,bdf3f6b1-d661-4afb-aa5e-7aaa287d6394,928373f3-8970-48f3-b2b9-f61e781d92d6,2025-07-23 02:18:54.686725+00,2025-07-23 02:18:54.686773+00
2e3ea35e-f00a-47bd-a644-9b5856800f08,938ce473-6c90-4982-b93d-647a21693a6a,2252abdf-9310-4b49-8b64-1b28ce1aadac,2025-07-23 02:19:35.681178+00,2025-07-23 02:19:35.681385+00
2fef8b8f-f37e-41e5-aa17-9b6e19645389,30c85141-1719-48a9-846b-061ebd8fe793,3587b245-ea86-487c-b2b0-f4d1b9d06557,2025-07-23 02:20:30.316944+00,2025-07-23 02:20:30.316997+00
3068be39-4593-4008-8306-04a17f0dac86,48a952b1-1bbf-4971-8485-481316f5dbed,653fbd83-c9e8-431e-bc94-cac4070ddfc6,2025-07-23 02:18:59.366131+00,2025-07-23 02:18:59.366217+00
30e1405d-3388-47a2-ac28-98b617a1f84b,bdf3f6b1-d661-4afb-aa5e-7aaa287d6394,003ce616-c8ca-489d-b0de-f61ae64833b8,2025-07-23 02:20:09.618712+00,2025-07-23 02:20:09.618901+00
31c1c611-ad2d-43c7-b0db-2c8354d8d530,84058616-d360-4959-81ef-aa2241864e31,0fce17b0-70d3-44e3-ac3c-bb3299406b2c,2025-07-23 02:18:52.201532+00,2025-07-23 02:18:52.201587+00
32b2c67f-e1da-477e-a6d4-6fd4c95f4733,e7c07afa-f2da-4c02-b5b0-2fb1188eded2,1ac24eb4-b62f-4ef6-a381-fedf32046bdc,2025-07-23 02:20:38.797102+00,2025-07-23 02:20:38.797162+00
33cc1be3-eb57-4770-ae05-e191cf2e21cf,e7c07afa-f2da-4c02-b5b0-2fb1188eded2,1ac24eb4-b62f-4ef6-a381-fedf32046bdc,2025-07-23 02:18:50.64076+00,2025-07-23 02:18:50.641158+00
348be8ff-b2ea-4629-8257-d0034c9ffab5,f074acf8-e119-40f7-9f94-e36c7699fcbb,5d327211-9aa1-45e8-a148-0b5cdcf391aa,2025-07-23 02:20:34.261614+00,2025-07-23 02:20:34.261676+00
386c0efe-46c6-4410-8e10-c815783e6def,25e5976b-e645-4183-9736-35a59d28b60b,a8b29308-ab89-4891-954e-452a4d8e5da9,2025-07-23 02:18:39.134026+00,2025-07-23 02:18:39.134094+00
3922f93a-6562-439b-8dc8-97a8e90a4c93,90cd96cb-357b-4bb7-9db7-1fc9d3db737a,c9f1d835-853b-4bd7-a01d-4a4c9d7f424c,2025-07-23 02:20:02.027617+00,2025-07-23 02:20:02.027672+00
3ce63f94-b6f7-4026-b5d4-e402fb87408a,d171a840-3ff7-4178-8920-18d1f55a98bc,ef2a0b22-84d4-4d9b-baba-02e37e3ad28c,2025-07-23 02:18:27.29295+00,2025-07-23 02:18:27.29325+00
3e6eb725-95d5-4d1d-a8bc-26fef2087675,a1e77beb-1c9b-4711-a715-c9ba4c318981,b04ccbd2-df92-47b3-81aa-d69ffacf6857,2025-07-23 02:19:01.536005+00,2025-07-23 02:19:01.536053+00
40444baf-43cd-4adf-9bed-9bd8519c740b,30c85141-1719-48a9-846b-061ebd8fe793,b074e404-cbde-4d62-8157-e8e0cbbb40df,2025-07-23 02:19:32.213275+00,2025-07-23 02:19:32.21332+00
4182f231-0466-4f96-aaed-a68b55d82d0b,c96825d9-3c67-4dc0-8438-60a7790788f5,ba6a3083-3232-4f44-9d6c-da4e3337ea2f,2025-07-23 02:18:36.784024+00,2025-07-23 02:18:36.784078+00
456cc71d-7c4c-4267-868b-579723ed21c3,30c85141-1719-48a9-846b-061ebd8fe793,3587b245-ea86-487c-b2b0-f4d1b9d06557,2025-07-23 02:19:35.182122+00,2025-07-23 02:19:35.182173+00
45aa06ad-a17d-49b5-b6a9-29d572db0df5,a8bbb640-80d7-44a0-9894-bb9a1bf9e750,c847f7b2-c485-4af3-9f0b-123a66eed362,2025-07-23 02:19:58.632787+00,2025-07-23 02:19:58.632843+00
4660c1fb-a4e9-481b-96b6-f8b31d0eebb7,84058616-d360-4959-81ef-aa2241864e31,c04aea25-0d3f-4c6f-93f9-f45a6a47cab3,2025-07-23 02:20:08.366243+00,2025-07-23 02:20:08.366362+00
466fc33f-52cf-48f8-9530-8ae5bb8be68b,365e2e81-92a3-4588-a6c9-a89e324bfceb,25a78bff-9e79-4828-a1f1-6e48554ccfcf,2025-07-23 02:18:35.082796+00,2025-07-23 02:18:35.082858+00
4727d94f-c5e6-4873-a2ec-3a484b4ca2d3,e7c07afa-f2da-4c02-b5b0-2fb1188eded2,1ac24eb4-b62f-4ef6-a381-fedf32046bdc,2025-07-23 02:19:06.966346+00,2025-07-23 02:19:06.966392+00
479a1b72-e20f-43fe-9100-da233eb0de8f,0f42beb9-2805-4643-8c7e-c05c146e9766,ec1fc10d-463a-4885-8037-0e3b9a9dc7e1,2025-07-23 02:19:08.981114+00,2025-07-23 02:19:08.981162+00
484fbec7-3c88-442a-9f0f-a9ec5750ea44,9a07e6b3-2469-4d15-a157-df6032f05b8b,50d97e2e-c300-4c26-8345-448b7bbcf77e,2025-07-23 02:20:16.32854+00,2025-07-23 02:20:16.328661+00
4871d747-927c-46aa-857b-19a806100cde,189ab287-386e-418f-9a53-ff4495832bf5,c8c2c3b7-5143-4397-9113-b932cae758f1,2025-07-23 02:18:38.567227+00,2025-07-23 02:18:38.567288+00
49271373-0203-4b55-8855-5ee97e051461,f2046ffb-44cf-4061-970f-922474d58d67,4d7d7b7d-a918-46bf-bd9d-506e45254fbc,2025-07-23 02:20:52.748082+00,2025-07-23 02:20:52.748142+00
4bb9eb1f-2ee7-415f-b170-a6c5477011ad,ea5c6299-1988-42c4-bc8b-1644f890eff8,737cb200-e827-4f3a-902a-959439112523,2025-07-23 02:19:12.679665+00,2025-07-23 02:19:12.679745+00
4d4fe1a0-ea86-4aa2-bf3d-cfff8ca8b25c,a1e77beb-1c9b-4711-a715-c9ba4c318981,b04ccbd2-df92-47b3-81aa-d69ffacf6857,2025-07-23 02:20:51.270547+00,2025-07-23 02:20:51.270601+00
4f7bd54e-118c-4383-a9ac-95a6d7ea62b9,e11de83e-77ab-409f-9223-98864051e698,2d960304-968a-4325-809e-b3f75e091845,2025-07-23 02:19:44.343352+00,2025-07-23 02:19:44.343403+00
4f9ce760-db29-4e9f-8904-e189f598a3e5,0f42beb9-2805-4643-8c7e-c05c146e9766,ec1fc10d-463a-4885-8037-0e3b9a9dc7e1,2025-07-23 02:20:06.436789+00,2025-07-23 02:20:06.43685+00
50550126-7596-4976-a1db-4884f53aba67,0f42beb9-2805-4643-8c7e-c05c146e9766,ec1fc10d-463a-4885-8037-0e3b9a9dc7e1,2025-07-23 02:19:07.373683+00,2025-07-23 02:19:07.373723+00
508e8af8-e4eb-4c64-9fc0-63afbe20b9ee,22ec45b3-c0e4-49f3-bac3-207ad6bacc21,2190211c-3fb5-46de-9d15-3b978a9138f6,2025-07-23 02:19:38.715659+00,2025-07-23 02:19:38.715707+00
50b79fd6-b373-467c-8535-d83e48c6e1e2,d171a840-3ff7-4178-8920-18d1f55a98bc,ef2a0b22-84d4-4d9b-baba-02e37e3ad28c,2025-07-23 02:18:47.246191+00,2025-07-23 02:18:47.246247+00
51f208e3-b2cf-48fd-a6ff-ef4afd030a2a,189ab287-386e-418f-9a53-ff4495832bf5,c8c2c3b7-5143-4397-9113-b932cae758f1,2025-07-23 02:20:50.229167+00,2025-07-23 02:20:50.229207+00
53748c8a-5c2a-4793-b328-157e7134a342,90cd96cb-357b-4bb7-9db7-1fc9d3db737a,c847f7b2-c485-4af3-9f0b-123a66eed362,2025-07-23 02:20:23.599688+00,2025-07-23 02:20:23.599744+00
54309798-3884-4322-a9fc-c64c7d9ce8e2,f6101862-2021-400d-b9a6-3010a09a6daf,9749b024-261b-4269-b3e7-c81a106b62fa,2025-07-23 02:18:35.563842+00,2025-07-23 02:18:35.563966+00
580849d2-4870-49ba-bfbe-e3e4b33c8952,68806720-ce81-446b-931d-f16cc6ca350c,8ebff870-772b-48f8-8648-2f951e1df5df,2025-07-23 02:20:53.282665+00,2025-07-23 02:20:53.282716+00
58517e24-67fe-474a-9890-453ca33ad1a2,0f42beb9-2805-4643-8c7e-c05c146e9766,ec1fc10d-463a-4885-8037-0e3b9a9dc7e1,2025-07-23 02:19:11.027135+00,2025-07-23 02:19:11.02718+00
5b63d59a-8479-46d1-b7d4-0d731f5db102,f6101862-2021-400d-b9a6-3010a09a6daf,9749b024-261b-4269-b3e7-c81a106b62fa,2025-07-23 02:18:34.437247+00,2025-07-23 02:18:34.43729+00
5be41fed-dd3b-4f1c-a959-5418913093b2,48a952b1-1bbf-4971-8485-481316f5dbed,893c261a-d7cd-4700-8a98-65ac6d5564bb,2025-07-23 02:20:36.071021+00,2025-07-23 02:20:36.071079+00
5cc18c94-db91-40ea-b158-c31cce901f7c,96be4708-d233-470b-85c2-636024abc3e9,c1e4d505-118b-47fa-bbab-a4a6be17bc2a,2025-07-23 02:20:11.874958+00,2025-07-23 02:20:11.875007+00
5ce270c3-389f-45cc-80e9-7ff131e9c999,30c85141-1719-48a9-846b-061ebd8fe793,b074e404-cbde-4d62-8157-e8e0cbbb40df,2025-07-23 02:19:30.685443+00,2025-07-23 02:19:30.685489+00
5d061c25-e923-4590-93e2-d519d95480b7,96be4708-d233-470b-85c2-636024abc3e9,c1e4d505-118b-47fa-bbab-a4a6be17bc2a,2025-07-23 02:20:34.765056+00,2025-07-23 02:20:34.765114+00
5d618073-2d86-43b9-b92d-116b4fa86778,e388900a-9162-4098-afde-a17446608c2b,be096100-d635-463c-bdd8-ac8eee2abc38,2025-07-23 02:18:56.101207+00,2025-07-23 02:18:56.101261+00
5dc5eaf1-58b5-476f-81d2-b8e98fadfd58,f609cad4-206f-4813-8d5c-79b4ae82fd2b,ca0d4007-dc45-40e9-b6e2-1474f8d4f52e,2025-07-23 02:19:14.352159+00,2025-07-23 02:19:14.35238+00
5df10499-7cf9-4e1a-9c6d-957cc0a484a5,4a0e2227-0eff-4335-8724-c016a7be2360,d2848fe1-3083-4a10-9911-d5ddb00004fa,2025-07-23 02:19:27.34337+00,2025-07-23 02:19:27.343802+00
5fd1decd-afe6-44a7-bf1f-8b426880a8f4,abfde34f-c26c-4619-bd49-ee7c68d53f94,a104dbd2-83af-4568-bbb7-ead14e6b9c81,2025-07-23 02:19:17.878152+00,2025-07-23 02:19:17.878202+00
6231a118-7c7a-4e17-a920-765bcc7cb456,ffcf4486-91c2-4269-a33c-7949723563ab,fbc66208-9a75-40cf-b120-eecd5234ae31,2025-07-23 02:20:00.130695+00,2025-07-23 02:20:00.130758+00
63dc0928-1592-4f37-979b-5296ea5717aa,2b10616d-39f8-4f68-9dab-54b09091e62d,7258052f-a43c-49dc-9151-1378bfd4139c,2025-07-23 02:19:45.492296+00,2025-07-23 02:19:45.492373+00
63f5e78f-c99c-4293-8a08-f8645441162e,488654fc-95f1-4065-91f1-b6a7e5224129,0397c1dd-b85f-4205-8b59-c7633491790a,2025-07-23 02:18:56.742693+00,2025-07-23 02:18:56.742742+00
640e6823-1b02-4841-a95e-02f811873d97,4a0e2227-0eff-4335-8724-c016a7be2360,d2848fe1-3083-4a10-9911-d5ddb00004fa,2025-07-23 02:19:28.033389+00,2025-07-23 02:19:28.033438+00
64aead57-fcae-47af-a510-653f8cc7a2a3,30c85141-1719-48a9-846b-061ebd8fe793,3587b245-ea86-487c-b2b0-f4d1b9d06557,2025-07-23 02:19:57.043308+00,2025-07-23 02:19:57.043346+00
65b530af-a303-41b8-8b7e-5ebad4d33820,f4cad569-1441-42a8-ac89-1672308f1766,f8b160e6-9a72-421e-8b40-907a5855c20d,2025-07-23 02:19:04.583068+00,2025-07-23 02:19:04.583122+00
6665cc86-f3bf-4986-833d-9167030893ba,7bd865b0-3216-420e-ba0b-f7d9f3426e73,5d68a7a3-b711-468e-a2b2-3c18599fa839,2025-07-23 02:20:41.138359+00,2025-07-23 02:20:41.138406+00
675bc2f7-758b-48c0-82ae-8e5dc0b18a79,90cd96cb-357b-4bb7-9db7-1fc9d3db737a,c9f1d835-853b-4bd7-a01d-4a4c9d7f424c,2025-07-23 02:19:46.232588+00,2025-07-23 02:19:46.232668+00
679a729b-5c85-4a6b-b071-c41f5a2a929f,d171a840-3ff7-4178-8920-18d1f55a98bc,21f9bcaa-5996-4bf7-b561-c5a2e6e6ca02,2025-07-23 02:20:57.446498+00,2025-07-23 02:20:57.446538+00
691dc5a5-bae7-47f8-a8d4-cf0e2797d752,c96825d9-3c67-4dc0-8438-60a7790788f5,6c51ed8b-9c6e-4553-b9a3-56e84eb8a1ae,2025-07-23 02:19:24.682579+00,2025-07-23 02:19:24.682657+00
6955d096-f5ec-4620-99a3-06c9f4bfc020,4edddd52-bb44-40d2-a988-60397c155a26,98b3697a-dfb5-490b-9854-3510407dc306,2025-07-23 02:20:12.722145+00,2025-07-23 02:20:12.722193+00
69af828b-da54-45bf-b1ab-fb5529fcee50,f2046ffb-44cf-4061-970f-922474d58d67,4d7d7b7d-a918-46bf-bd9d-506e45254fbc,2025-07-23 02:19:02.524214+00,2025-07-23 02:19:02.52425+00
69fb2756-d3f7-4b47-9d53-6411b27fd20a,7060dd9b-4d82-436a-b24d-798ce4588107,ef2a0b22-84d4-4d9b-baba-02e37e3ad28c,2025-07-23 02:18:27.814519+00,2025-07-23 02:18:27.814596+00
6bf17553-7902-46a5-b9bd-53d0c066ed55,48a952b1-1bbf-4971-8485-481316f5dbed,b4fba844-14f2-4c2b-9bc5-7d49923d44f4,2025-07-23 02:20:00.888294+00,2025-07-23 02:20:00.888359+00
6c5ed691-fdba-42bf-ad3c-b6ea7a016445,d2fbae12-8e78-45cd-a7b2-46e4e18a91e9,fbcd72fa-dad5-4ea1-a260-8320f2980bea,2025-07-23 02:20:03.834637+00,2025-07-23 02:20:03.834815+00
6cddf42d-93f6-47d5-99de-abe2f17a15e5,a1e77beb-1c9b-4711-a715-c9ba4c318981,b04ccbd2-df92-47b3-81aa-d69ffacf6857,2025-07-23 02:19:53.647736+00,2025-07-23 02:19:53.647786+00
6da0a4d1-0710-41b6-bcae-f3913055710c,bd50565f-b32b-44e8-920d-8be4692248ef,a577a165-85ee-4f48-b190-a7be0e6bbe9e,2025-07-23 02:19:15.397261+00,2025-07-23 02:19:15.39742+00
6daaad2e-24f5-4a5c-b422-91583a0f3f73,e7c07afa-f2da-4c02-b5b0-2fb1188eded2,1ac24eb4-b62f-4ef6-a381-fedf32046bdc,2025-07-23 02:19:10.491595+00,2025-07-23 02:19:10.491736+00
6f22b248-abe7-47c6-9643-a08899a9602c,a1e77beb-1c9b-4711-a715-c9ba4c318981,de15af80-cc23-4078-8207-5beda2ee3fe5,2025-07-23 02:19:20.743734+00,2025-07-23 02:19:20.743779+00
711d14c6-f7bb-4692-96ac-26c580821295,22ec45b3-c0e4-49f3-bac3-207ad6bacc21,2190211c-3fb5-46de-9d15-3b978a9138f6,2025-07-23 02:19:39.309144+00,2025-07-23 02:19:39.309188+00
7140a9a2-6d59-49f4-993a-1b79d77e57fb,64e7248a-f815-48b1-999e-9866b380779e,1d1d8501-e413-41a3-b1d4-23fe89246dd6,2025-07-23 02:19:06.21367+00,2025-07-23 02:19:06.213839+00
71a80691-d81b-4eca-8668-3a09bec3acb6,89be1424-7819-429f-92ba-37a945782677,753ea7b4-3059-4a1f-984e-f4c7f728aa37,2025-07-23 02:18:55.404833+00,2025-07-23 02:18:55.404908+00
71fcde72-6416-4218-aaec-419dd3005545,48a952b1-1bbf-4971-8485-481316f5dbed,653fbd83-c9e8-431e-bc94-cac4070ddfc6,2025-07-23 02:20:59.576334+00,2025-07-23 02:20:59.57639+00
721b3baf-4888-49fc-b669-0d63250ef9a2,7dd9f938-e20d-4c15-a90b-7e1b485b3420,5d68a7a3-b711-468e-a2b2-3c18599fa839,2025-07-23 02:20:45.636343+00,2025-07-23 02:20:45.636434+00
7261175d-e6b4-46f9-882a-e0184b9e230a,96be4708-d233-470b-85c2-636024abc3e9,caaf0b59-29ff-4033-b7d2-5e54b9a51d5e,2025-07-23 02:20:13.246704+00,2025-07-23 02:20:13.246772+00
73ca72ff-761e-4f3c-ade8-09f802c71d7f,e388900a-9162-4098-afde-a17446608c2b,be096100-d635-463c-bdd8-ac8eee2abc38,2025-07-23 02:19:52.539232+00,2025-07-23 02:19:52.539285+00
7489bff4-ccdc-4290-b703-3fc7bce860d7,90cd96cb-357b-4bb7-9db7-1fc9d3db737a,c847f7b2-c485-4af3-9f0b-123a66eed362,2025-07-23 02:19:03.047173+00,2025-07-23 02:19:03.047371+00
75589a9f-41e0-42e4-aea2-76a916a9443e,68806720-ce81-446b-931d-f16cc6ca350c,8ebff870-772b-48f8-8648-2f951e1df5df,2025-07-23 02:20:16.94623+00,2025-07-23 02:20:16.946281+00
7978ecfc-2525-4af3-b50c-2204952b3bda,c96825d9-3c67-4dc0-8438-60a7790788f5,6c51ed8b-9c6e-4553-b9a3-56e84eb8a1ae,2025-07-23 02:19:58.133633+00,2025-07-23 02:19:58.133775+00
79897f64-6c73-4380-b960-f64f9c957db1,7060dd9b-4d82-436a-b24d-798ce4588107,ef2a0b22-84d4-4d9b-baba-02e37e3ad28c,2025-07-23 02:19:42.574362+00,2025-07-23 02:19:42.574413+00
7c14e0c2-8ce5-42d0-bc5f-dbd95141d374,f2046ffb-44cf-4061-970f-922474d58d67,4d7d7b7d-a918-46bf-bd9d-506e45254fbc,2025-07-23 02:19:03.58437+00,2025-07-23 02:19:03.584432+00
7e52a232-8cce-469f-8965-14e61bb6099e,fe27e524-68f9-4d14-8ac8-30cb15513ce9,bcf16f70-4aca-4fda-bb49-ff4e2d9027a8,2025-07-23 02:20:19.481873+00,2025-07-23 02:20:19.482155+00
7fbfdd5f-4a33-4c2e-b784-4daa36324d05,fe27e524-68f9-4d14-8ac8-30cb15513ce9,bcf16f70-4aca-4fda-bb49-ff4e2d9027a8,2025-07-23 02:19:19.500342+00,2025-07-23 02:19:19.500388+00
833a7610-65e7-462b-8f3a-fe0767a37f5d,91b09280-26e6-4f0a-85f7-82a3d17eccc0,99a4f0a7-0ae7-4246-9f1b-ba6ddb1a56b3,2025-07-23 02:19:21.666741+00,2025-07-23 02:19:21.666803+00
83a400e9-2cbb-40d9-b296-ddd0380de4a2,938ce473-6c90-4982-b93d-647a21693a6a,2252abdf-9310-4b49-8b64-1b28ce1aadac,2025-07-23 02:20:31.064297+00,2025-07-23 02:20:31.064353+00
844ee383-8e72-444e-877d-b2aec2796815,30c85141-1719-48a9-846b-061ebd8fe793,b074e404-cbde-4d62-8157-e8e0cbbb40df,2025-07-23 02:20:26.678351+00,2025-07-23 02:20:26.678398+00
85654ff2-e8c8-4b6e-9e0d-48a77bceb4b6,fe27e524-68f9-4d14-8ac8-30cb15513ce9,bcf16f70-4aca-4fda-bb49-ff4e2d9027a8,2025-07-23 02:20:17.44891+00,2025-07-23 02:20:17.448961+00
867787ef-720a-4508-bfae-f20971421ca2,ad2bdd8b-6e6d-4122-8520-7ba8a7a45a43,4b1e8443-eb0b-4e79-af7f-fa72036a790d,2025-07-23 02:19:54.87265+00,2025-07-23 02:19:54.872704+00
86959c39-d112-4b29-9a36-6508977f3712,ffcf4486-91c2-4269-a33c-7949723563ab,fbc66208-9a75-40cf-b120-eecd5234ae31,2025-07-23 02:20:10.127322+00,2025-07-23 02:20:10.127399+00
877951b3-b231-4967-8512-e33f1f6c86e8,e7c07afa-f2da-4c02-b5b0-2fb1188eded2,e28dcece-e397-4959-8139-ce493f7edd86,2025-07-23 02:20:15.198577+00,2025-07-23 02:20:15.198624+00
8967cf3c-4e02-472e-a94a-2bf703551460,e7c07afa-f2da-4c02-b5b0-2fb1188eded2,1ac24eb4-b62f-4ef6-a381-fedf32046bdc,2025-07-23 02:19:08.405972+00,2025-07-23 02:19:08.406009+00
89cdd6e8-f0d2-4470-8db7-897a2be0f71f,f6101862-2021-400d-b9a6-3010a09a6daf,9749b024-261b-4269-b3e7-c81a106b62fa,2025-07-23 02:20:43.134707+00,2025-07-23 02:20:43.134774+00
8a03e297-3699-4da6-b063-50e10ffcfa5e,7060dd9b-4d82-436a-b24d-798ce4588107,ef2a0b22-84d4-4d9b-baba-02e37e3ad28c,2025-07-23 02:19:22.257797+00,2025-07-23 02:19:22.257843+00
8b4bfdde-db7f-4991-a51d-a0162f141336,4a0e2227-0eff-4335-8724-c016a7be2360,d2848fe1-3083-4a10-9911-d5ddb00004fa,2025-07-23 02:18:43.584298+00,2025-07-23 02:18:43.584361+00
8bce8ebe-078b-4452-8f93-41c5d6573510,f6101862-2021-400d-b9a6-3010a09a6daf,9749b024-261b-4269-b3e7-c81a106b62fa,2025-07-23 02:20:44.537769+00,2025-07-23 02:20:44.537866+00
8c19abb9-92f3-464c-8ff8-7972cb924592,d2fbae12-8e78-45cd-a7b2-46e4e18a91e9,fc4e7890-ad3b-4c31-8d2a-96bb8e92e8fd,2025-07-23 02:19:38.081769+00,2025-07-23 02:19:38.081818+00
8c6d8a83-3d81-450b-997b-fb918a6a19d1,48a952b1-1bbf-4971-8485-481316f5dbed,653fbd83-c9e8-431e-bc94-cac4070ddfc6,2025-07-23 02:18:59.930954+00,2025-07-23 02:18:59.931045+00
8ea0c604-ac52-4f03-b9da-a3229791d707,a1e77beb-1c9b-4711-a715-c9ba4c318981,b04ccbd2-df92-47b3-81aa-d69ffacf6857,2025-07-23 02:18:57.228602+00,2025-07-23 02:18:57.228656+00
90db3e18-2f2f-4dfc-b898-89023508b5e8,c96825d9-3c67-4dc0-8438-60a7790788f5,6c51ed8b-9c6e-4553-b9a3-56e84eb8a1ae,2025-07-23 02:19:56.510408+00,2025-07-23 02:19:56.510555+00
92905e67-40cb-4428-a08a-04fb834514b0,0f42beb9-2805-4643-8c7e-c05c146e9766,ec1fc10d-463a-4885-8037-0e3b9a9dc7e1,2025-07-23 02:18:51.684273+00,2025-07-23 02:18:51.684321+00
92c8877a-263f-4ba3-b64a-8f38a1415c47,84058616-d360-4959-81ef-aa2241864e31,c04aea25-0d3f-4c6f-93f9-f45a6a47cab3,2025-07-23 02:19:39.966753+00,2025-07-23 02:19:39.96682+00
93084e25-5165-4130-b3e6-aaaf67217f7e,68806720-ce81-446b-931d-f16cc6ca350c,8ebff870-772b-48f8-8648-2f951e1df5df,2025-07-23 02:20:54.375068+00,2025-07-23 02:20:54.37511+00
9373e813-8587-4f6e-b474-874f8784da74,488654fc-95f1-4065-91f1-b6a7e5224129,0397c1dd-b85f-4205-8b59-c7633491790a,2025-07-23 02:19:53.042299+00,2025-07-23 02:19:53.042339+00
9473d7b8-57b7-4a4b-9a7d-f7d5130bf436,7b5f365d-9330-440a-9a59-9d4821f5a5e4,b805a130-2106-4373-9700-2af696d872e8,2025-07-23 02:19:18.415024+00,2025-07-23 02:19:18.415076+00
9558454a-c6ef-4fc8-8c6f-90a5cea8fb3f,48a952b1-1bbf-4971-8485-481316f5dbed,893c261a-d7cd-4700-8a98-65ac6d5564bb,2025-07-23 02:20:53.813331+00,2025-07-23 02:20:53.813368+00
96cab1bc-419e-4ad1-aae8-31a71d1b9d63,91b09280-26e6-4f0a-85f7-82a3d17eccc0,99a4f0a7-0ae7-4246-9f1b-ba6ddb1a56b3,2025-07-23 02:20:40.552671+00,2025-07-23 02:20:40.55277+00
96d5f487-0bb3-499e-882b-f5ee3eeffe00,7dd9f938-e20d-4c15-a90b-7e1b485b3420,12f964ed-5083-4b71-bf68-30b04ebda6d9,2025-07-23 02:18:52.728865+00,2025-07-23 02:18:52.728915+00
978d2688-3427-4551-9146-c3ca789d0d42,ea5c6299-1988-42c4-bc8b-1644f890eff8,737cb200-e827-4f3a-902a-959439112523,2025-07-23 02:18:26.615775+00,2025-07-23 02:18:26.615869+00
9790695d-3e48-42d2-b2e2-a5569432f9b0,7b5f365d-9330-440a-9a59-9d4821f5a5e4,b805a130-2106-4373-9700-2af696d872e8,2025-07-23 02:19:28.628614+00,2025-07-23 02:19:28.628657+00
98252435-aa51-405a-b3b5-2a31cc28e0aa,9a07e6b3-2469-4d15-a157-df6032f05b8b,50d97e2e-c300-4c26-8345-448b7bbcf77e,2025-07-23 02:20:13.892484+00,2025-07-23 02:20:13.892529+00
990852c1-0fd0-4858-bef2-8a63796b2586,c96825d9-3c67-4dc0-8438-60a7790788f5,ba6a3083-3232-4f44-9d6c-da4e3337ea2f,2025-07-23 02:18:37.919103+00,2025-07-23 02:18:37.919172+00
993fb49a-92f3-48de-ac29-7ebc810cbfb0,f394f865-9f0f-48e4-aff4-8faa62f1b546,45402262-754b-4a3e-a187-391b4fe240bd,2025-07-23 02:20:42.588721+00,2025-07-23 02:20:42.588796+00
99a37cd5-4ee5-43d0-add6-5474642f3d7a,96be4708-d233-470b-85c2-636024abc3e9,caaf0b59-29ff-4033-b7d2-5e54b9a51d5e,2025-07-23 02:20:35.26181+00,2025-07-23 02:20:35.261858+00
9c05010f-253f-4b75-9428-6aac77d1e91c,c96825d9-3c67-4dc0-8438-60a7790788f5,6c51ed8b-9c6e-4553-b9a3-56e84eb8a1ae,2025-07-23 02:19:55.345222+00,2025-07-23 02:19:55.345281+00
a1861e0b-d850-4d6f-8f54-d012f83445d3,f6101862-2021-400d-b9a6-3010a09a6daf,9749b024-261b-4269-b3e7-c81a106b62fa,2025-07-23 02:18:36.117094+00,2025-07-23 02:18:36.117154+00
a3d8d32a-272a-4541-827d-90cb52f9f481,ea5c6299-1988-42c4-bc8b-1644f890eff8,fe4837fc-fc45-494c-a01c-68098fac272f,2025-07-23 02:20:27.651052+00,2025-07-23 02:20:27.6511+00
a8f7c711-3b89-4a4a-9e78-4a945dc1be6e,30c85141-1719-48a9-846b-061ebd8fe793,b074e404-cbde-4d62-8157-e8e0cbbb40df,2025-07-23 02:19:36.198945+00,2025-07-23 02:19:36.199165+00
a934d3bb-5b61-4566-9d6c-6588e87e1627,4a0e2227-0eff-4335-8724-c016a7be2360,d2848fe1-3083-4a10-9911-d5ddb00004fa,2025-07-23 02:19:26.753353+00,2025-07-23 02:19:26.753399+00
aaac5478-0568-467d-869f-9701c7bbffd0,30c85141-1719-48a9-846b-061ebd8fe793,cec6538e-336f-49c2-a76b-91613e337395,2025-07-23 02:20:42.053208+00,2025-07-23 02:20:42.05339+00
aaf5ef46-05e6-444c-89cd-001d3708cb4c,189ab287-386e-418f-9a53-ff4495832bf5,fc4da93a-6462-41bf-a678-47a90761f33c,2025-07-23 02:18:47.833259+00,2025-07-23 02:18:47.833307+00
ac9d7256-8530-4c27-89fc-3e95c497ef6d,9a07e6b3-2469-4d15-a157-df6032f05b8b,4e181b23-e152-48e7-a532-b9c5cc75d4c7,2025-07-23 02:19:41.510952+00,2025-07-23 02:19:41.510997+00
adc775c7-78b4-431f-9543-65b5ed583dca,f074acf8-e119-40f7-9f94-e36c7699fcbb,5d327211-9aa1-45e8-a148-0b5cdcf391aa,2025-07-23 02:20:11.125168+00,2025-07-23 02:20:11.125224+00
afa68d2e-d4c2-43ff-84c9-c2e4f0febf1e,83c8536e-901f-434e-8eba-926cfac2c698,471e38fd-e937-479d-a032-30a3adbbfc22,2025-07-23 02:18:28.51409+00,2025-07-23 02:18:28.514156+00
b05793a3-2007-4545-87cd-122bb69eb572,0f42beb9-2805-4643-8c7e-c05c146e9766,ec1fc10d-463a-4885-8037-0e3b9a9dc7e1,2025-07-23 02:20:39.379213+00,2025-07-23 02:20:39.379653+00
b12fd4a5-a153-434a-b20c-83996e1a16eb,a1e77beb-1c9b-4711-a715-c9ba4c318981,b04ccbd2-df92-47b3-81aa-d69ffacf6857,2025-07-23 02:18:45.5204+00,2025-07-23 02:18:45.520452+00
b2573403-2eea-4ed5-bdd9-3abc49d47196,48a952b1-1bbf-4971-8485-481316f5dbed,653fbd83-c9e8-431e-bc94-cac4070ddfc6,2025-07-23 02:18:58.866435+00,2025-07-23 02:18:58.866493+00
b2e56893-4d0f-4d61-8b7e-995d6e562283,ad2bdd8b-6e6d-4122-8520-7ba8a7a45a43,4b1e8443-eb0b-4e79-af7f-fa72036a790d,2025-07-23 02:18:58.302273+00,2025-07-23 02:18:58.302325+00
b342c987-32be-457e-8658-1a3167ca851f,bdf3f6b1-d661-4afb-aa5e-7aaa287d6394,928373f3-8970-48f3-b2b9-f61e781d92d6,2025-07-23 02:19:51.04625+00,2025-07-23 02:19:51.046365+00
b34d9e02-a392-4fd6-9774-3c0333e5afff,bdf3f6b1-d661-4afb-aa5e-7aaa287d6394,003ce616-c8ca-489d-b0de-f61ae64833b8,2025-07-23 02:20:32.767054+00,2025-07-23 02:20:32.767116+00
b3f7b411-8aca-4e87-8e44-eceedd08d4ce,ad2bdd8b-6e6d-4122-8520-7ba8a7a45a43,4b1e8443-eb0b-4e79-af7f-fa72036a790d,2025-07-23 02:20:48.684288+00,2025-07-23 02:20:48.684344+00
b4127cbb-d6dc-4ae0-892b-55fb6e082453,d2fbae12-8e78-45cd-a7b2-46e4e18a91e9,fbcd72fa-dad5-4ea1-a260-8320f2980bea,2025-07-23 02:19:46.979007+00,2025-07-23 02:19:46.97905+00
b434474a-81b8-4211-8c84-e9adbe24f01b,fe27e524-68f9-4d14-8ac8-30cb15513ce9,bcf16f70-4aca-4fda-bb49-ff4e2d9027a8,2025-07-23 02:20:18.027306+00,2025-07-23 02:20:18.027373+00
b7bc9959-6498-4201-8e83-a516d0a56441,fe27e524-68f9-4d14-8ac8-30cb15513ce9,bcf16f70-4aca-4fda-bb49-ff4e2d9027a8,2025-07-23 02:19:16.696435+00,2025-07-23 02:19:16.69648+00
b7c10e51-206a-4982-8820-eac3a9fd4f9f,3424904f-f5b2-4599-aaeb-fbd1ffe1e5b3,1d40ed01-1796-4ddb-ba37-aedd0f0abe73,2025-07-23 02:19:14.837169+00,2025-07-23 02:19:14.837215+00
bc6b8435-d637-4a44-859f-a3820af779bc,f074acf8-e119-40f7-9f94-e36c7699fcbb,7032f1b3-6d84-46de-bb87-a163af53e429,2025-07-23 02:19:40.570695+00,2025-07-23 02:19:40.570747+00
be59eac9-2298-4756-9e88-ba50ea550381,7dd9f938-e20d-4c15-a90b-7e1b485b3420,12f964ed-5083-4b71-bf68-30b04ebda6d9,2025-07-23 02:19:10.015751+00,2025-07-23 02:19:10.015804+00
bfb9ce50-f4aa-43dd-91e0-0043824f5f9c,23031393-2c9b-46a3-9d37-6948e103950e,52cd1bc1-70b6-4a89-91de-2bcf3729099f,2025-07-23 02:19:05.532622+00,2025-07-23 02:19:05.532704+00
c00f848e-bec8-46e2-9721-6033ddfae8b4,30c85141-1719-48a9-846b-061ebd8fe793,b074e404-cbde-4d62-8157-e8e0cbbb40df,2025-07-23 02:19:20.131681+00,2025-07-23 02:19:20.131741+00
c15cb570-7525-4c6b-8ce2-1918756bae87,c96825d9-3c67-4dc0-8438-60a7790788f5,6c51ed8b-9c6e-4553-b9a3-56e84eb8a1ae,2025-07-23 02:21:00.153308+00,2025-07-23 02:21:00.153365+00
c1cc6475-6307-4cdf-9ec3-9f2362cee003,f6101862-2021-400d-b9a6-3010a09a6daf,003ce616-c8ca-489d-b0de-f61ae64833b8,2025-07-23 02:20:32.221721+00,2025-07-23 02:20:32.22177+00
c4041535-72b3-4239-b86b-99c409c2f031,f6101862-2021-400d-b9a6-3010a09a6daf,9749b024-261b-4269-b3e7-c81a106b62fa,2025-07-23 02:20:45.082699+00,2025-07-23 02:20:45.082762+00
c42d60e1-9b35-4fc8-a35a-f796af7e2c39,ad2bdd8b-6e6d-4122-8520-7ba8a7a45a43,4b1e8443-eb0b-4e79-af7f-fa72036a790d,2025-07-23 02:20:57.917885+00,2025-07-23 02:20:57.917944+00
c63adc27-5a9e-4fc3-b3df-9c274574ebc4,e11de83e-77ab-409f-9223-98864051e698,a10d2455-0e69-4393-a63c-d735af807d6c,2025-07-23 02:19:24.097418+00,2025-07-23 02:19:24.097475+00
c6aeadb1-8132-49f9-9c71-b044d5777ecc,4a0e2227-0eff-4335-8724-c016a7be2360,d2848fe1-3083-4a10-9911-d5ddb00004fa,2025-07-23 02:18:44.18752+00,2025-07-23 02:18:44.187569+00
c70b4598-4f6e-4102-9600-e2099614ca8f,30c85141-1719-48a9-846b-061ebd8fe793,3587b245-ea86-487c-b2b0-f4d1b9d06557,2025-07-23 02:19:00.993634+00,2025-07-23 02:19:00.993681+00
c86cb0c9-69f7-4f1e-bbb0-cdf7c5265b76,f2046ffb-44cf-4061-970f-922474d58d67,4d7d7b7d-a918-46bf-bd9d-506e45254fbc,2025-07-23 02:19:59.540717+00,2025-07-23 02:19:59.540764+00
c9c8edbb-916e-472d-9092-c1b33cdc697c,4edddd52-bb44-40d2-a988-60397c155a26,7cfa78b5-af05-403e-b4fd-c9a168492c51,2025-07-23 02:19:32.880226+00,2025-07-23 02:19:32.880262+00
ca413487-cd43-45f9-9e93-924ac7b208bf,3424904f-f5b2-4599-aaeb-fbd1ffe1e5b3,1d40ed01-1796-4ddb-ba37-aedd0f0abe73,2025-07-23 02:18:48.518225+00,2025-07-23 02:18:48.51831+00
caaf6cf3-fa5e-4d15-9db4-5090e986c963,a1e77beb-1c9b-4711-a715-c9ba4c318981,b04ccbd2-df92-47b3-81aa-d69ffacf6857,2025-07-23 02:21:00.729678+00,2025-07-23 02:21:00.729724+00
caeeb6dd-3ebc-4010-8164-27293cdcf3fb,64e7248a-f815-48b1-999e-9866b380779e,45402262-754b-4a3e-a187-391b4fe240bd,2025-07-23 02:18:33.871942+00,2025-07-23 02:18:33.87202+00
cb45b0f5-e132-4507-94c9-63d3e6cbdf97,bd50565f-b32b-44e8-920d-8be4692248ef,a577a165-85ee-4f48-b190-a7be0e6bbe9e,2025-07-23 02:18:49.485411+00,2025-07-23 02:18:49.485461+00
cbf8efbc-96b0-4f5b-8a3b-08c055fbe120,f2046ffb-44cf-4061-970f-922474d58d67,4d7d7b7d-a918-46bf-bd9d-506e45254fbc,2025-07-23 02:18:26.044989+00,2025-07-23 02:18:26.045047+00
cfadaf41-6894-4178-9fb9-4a8276da2997,f2046ffb-44cf-4061-970f-922474d58d67,4d7d7b7d-a918-46bf-bd9d-506e45254fbc,2025-07-23 02:18:24.836957+00,2025-07-23 02:18:24.83828+00
cfb619d5-1833-4042-a77e-1eaa8f999b2f,938ce473-6c90-4982-b93d-647a21693a6a,2252abdf-9310-4b49-8b64-1b28ce1aadac,2025-07-23 02:19:31.349729+00,2025-07-23 02:19:31.349806+00
d0b1f48e-b4ce-4485-aed5-5c5f9775a804,90cd96cb-357b-4bb7-9db7-1fc9d3db737a,c847f7b2-c485-4af3-9f0b-123a66eed362,2025-07-23 02:19:04.059178+00,2025-07-23 02:19:04.059226+00
d1679d9e-6599-4ea0-860a-e3e0a64c61e2,90cd96cb-357b-4bb7-9db7-1fc9d3db737a,c847f7b2-c485-4af3-9f0b-123a66eed362,2025-07-23 02:18:25.559897+00,2025-07-23 02:18:25.559959+00
d2a62177-70cc-4c16-ba91-4a890c48a241,278b42d0-ab3f-49ae-b964-6e5d03865713,f2461266-a9d5-4946-b685-91bb96aaf663,2025-07-23 02:20:49.696196+00,2025-07-23 02:20:49.696237+00
d35c90a9-5f6a-489e-bf9f-6a953665a170,bdf3f6b1-d661-4afb-aa5e-7aaa287d6394,003ce616-c8ca-489d-b0de-f61ae64833b8,2025-07-23 02:19:44.990994+00,2025-07-23 02:19:44.99104+00
d5504ba8-5310-49cf-b900-5dc6c842d90c,68806720-ce81-446b-931d-f16cc6ca350c,e48300d4-1e5f-4355-b0da-f994cd93ce09,2025-07-23 02:18:44.907455+00,2025-07-23 02:18:44.90754+00
d6abcab7-cdfb-43e3-8581-61ddb8518e66,48a952b1-1bbf-4971-8485-481316f5dbed,b4fba844-14f2-4c2b-9bc5-7d49923d44f4,2025-07-23 02:20:10.537513+00,2025-07-23 02:20:10.537582+00
d6bde1eb-9104-4691-82e5-69ea4caddb0e,48a952b1-1bbf-4971-8485-481316f5dbed,653fbd83-c9e8-431e-bc94-cac4070ddfc6,2025-07-23 02:20:59.032268+00,2025-07-23 02:20:59.032309+00
d74641c5-520e-4eb6-ad38-4c23acb369ec,ea5c6299-1988-42c4-bc8b-1644f890eff8,fe4837fc-fc45-494c-a01c-68098fac272f,2025-07-23 02:20:29.069441+00,2025-07-23 02:20:29.069491+00
d87790b4-1929-4c87-81e8-a74d9bf2612e,a1e77beb-1c9b-4711-a715-c9ba4c318981,de15af80-cc23-4078-8207-5beda2ee3fe5,2025-07-23 02:18:46.717812+00,2025-07-23 02:18:46.717869+00
d96b577c-8eed-4872-8495-e9b4523d8b49,25e5976b-e645-4183-9736-35a59d28b60b,a8b29308-ab89-4891-954e-452a4d8e5da9,2025-07-23 02:20:50.710137+00,2025-07-23 02:20:50.710217+00
dbb9c849-9f02-4035-a974-d4d3082d7da7,a1e77beb-1c9b-4711-a715-c9ba4c318981,b04ccbd2-df92-47b3-81aa-d69ffacf6857,2025-07-23 02:19:54.269328+00,2025-07-23 02:19:54.269376+00
dc99fb1c-8bf1-4dad-b71f-2212f5e68403,c96825d9-3c67-4dc0-8438-60a7790788f5,6c51ed8b-9c6e-4553-b9a3-56e84eb8a1ae,2025-07-23 02:19:00.365251+00,2025-07-23 02:19:00.365305+00
dcf39cc6-d4f7-4899-9adf-23e4695c2b1b,68806720-ce81-446b-931d-f16cc6ca350c,e48300d4-1e5f-4355-b0da-f994cd93ce09,2025-07-23 02:19:18.946662+00,2025-07-23 02:19:18.946705+00
dd0cf97a-0bc0-4dce-8ed2-ce2debeb71a5,23031393-2c9b-46a3-9d37-6948e103950e,52cd1bc1-70b6-4a89-91de-2bcf3729099f,2025-07-23 02:19:37.458389+00,2025-07-23 02:19:37.458434+00
dd7bdcf5-45ad-4130-aea5-612ae540498c,4edddd52-bb44-40d2-a988-60397c155a26,98b3697a-dfb5-490b-9854-3510407dc306,2025-07-23 02:20:02.610324+00,2025-07-23 02:20:02.610369+00
ddc205c9-4071-4305-86ea-d23085df8011,2b10616d-39f8-4f68-9dab-54b09091e62d,ad9c0017-9a96-4e94-a1cb-7eb315e381fe,2025-07-23 02:20:21.077567+00,2025-07-23 02:20:21.077618+00
dfd50b5d-b7da-4a14-9373-4645806ecb64,e7c07afa-f2da-4c02-b5b0-2fb1188eded2,1ac24eb4-b62f-4ef6-a381-fedf32046bdc,2025-07-23 02:18:50.151944+00,2025-07-23 02:18:50.152046+00
e0ca6641-c97e-481c-9134-fda09a183b40,a1e77beb-1c9b-4711-a715-c9ba4c318981,b04ccbd2-df92-47b3-81aa-d69ffacf6857,2025-07-23 02:18:57.727367+00,2025-07-23 02:18:57.727426+00
e26d7578-9580-48d9-b789-f4846b45efee,ea5c6299-1988-42c4-bc8b-1644f890eff8,fe4837fc-fc45-494c-a01c-68098fac272f,2025-07-23 02:19:34.692445+00,2025-07-23 02:19:34.692492+00
e44f04b4-4157-4623-8483-244c6d82389a,2b10616d-39f8-4f68-9dab-54b09091e62d,7258052f-a43c-49dc-9151-1378bfd4139c,2025-07-23 02:19:26.180967+00,2025-07-23 02:19:26.181021+00
e5e83156-f77a-4757-b9f8-b6b5d6d5e419,89be1424-7819-429f-92ba-37a945782677,753ea7b4-3059-4a1f-984e-f4c7f728aa37,2025-07-23 02:19:52.097148+00,2025-07-23 02:19:52.097195+00
e67144bd-a6ff-4eb1-8371-8a64e476feee,7bd865b0-3216-420e-ba0b-f7d9f3426e73,1c116df4-31da-4026-a298-cd0fc5fbdb39,2025-07-23 02:18:53.308283+00,2025-07-23 02:18:53.30833+00
e83deb98-55cc-41c4-8a2a-dc3107e485cf,d2fbae12-8e78-45cd-a7b2-46e4e18a91e9,fbcd72fa-dad5-4ea1-a260-8320f2980bea,2025-07-23 02:19:47.510681+00,2025-07-23 02:19:47.510726+00
e936434d-623d-49f1-909e-fa672d3d5c34,e388900a-9162-4098-afde-a17446608c2b,be096100-d635-463c-bdd8-ac8eee2abc38,2025-07-23 02:20:55.934757+00,2025-07-23 02:20:55.934837+00
ea3a5b15-def6-4310-9fd5-a768db546d18,e11de83e-77ab-409f-9223-98864051e698,2d960304-968a-4325-809e-b3f75e091845,2025-07-23 02:19:43.869832+00,2025-07-23 02:19:43.869884+00
eb257b35-fa21-407d-a6f1-4cfa37dc7ed8,89be1424-7819-429f-92ba-37a945782677,7032f1b3-6d84-46de-bb87-a163af53e429,2025-07-23 02:19:42.011618+00,2025-07-23 02:19:42.011665+00
ec1d4fa6-8d8e-481d-84b9-23e71f067f8e,89be1424-7819-429f-92ba-37a945782677,753ea7b4-3059-4a1f-984e-f4c7f728aa37,2025-07-23 02:20:55.418193+00,2025-07-23 02:20:55.418382+00
ec5f5df0-bef0-468d-815c-5802858fc50d,0f42beb9-2805-4643-8c7e-c05c146e9766,ec1fc10d-463a-4885-8037-0e3b9a9dc7e1,2025-07-23 02:20:38.116805+00,2025-07-23 02:20:38.116852+00
ee911d8a-ab02-4db2-b60b-d0b1badda3a6,ea5c6299-1988-42c4-bc8b-1644f890eff8,737cb200-e827-4f3a-902a-959439112523,2025-07-23 02:18:41.644073+00,2025-07-23 02:18:41.644126+00
f00debc9-0b83-4cd5-a2e2-e1cf6eb26e50,f6101862-2021-400d-b9a6-3010a09a6daf,003ce616-c8ca-489d-b0de-f61ae64833b8,2025-07-23 02:20:09.082893+00,2025-07-23 02:20:09.082938+00
f057ba66-b364-45b0-87b2-386e90ae765b,128fe7fd-bbac-40b3-ba3f-e00eebe64016,fbc66208-9a75-40cf-b120-eecd5234ae31,2025-07-23 02:20:15.761801+00,2025-07-23 02:20:15.761852+00
f32c9909-2630-41af-ae45-126035197f92,e7c07afa-f2da-4c02-b5b0-2fb1188eded2,e28dcece-e397-4959-8139-ce493f7edd86,2025-07-23 02:20:37.072609+00,2025-07-23 02:20:37.072693+00
f3394d01-6427-4e9c-8e87-01a9ff5724ea,c96825d9-3c67-4dc0-8438-60a7790788f5,6c51ed8b-9c6e-4553-b9a3-56e84eb8a1ae,2025-07-23 02:21:01.22197+00,2025-07-23 02:21:01.222028+00
f394706b-3307-4ada-a62a-15665c02a608,ea5c6299-1988-42c4-bc8b-1644f890eff8,fe4837fc-fc45-494c-a01c-68098fac272f,2025-07-23 02:20:28.199281+00,2025-07-23 02:20:28.199328+00
f41701b3-6df9-4776-9271-2c1980e82f18,96be4708-d233-470b-85c2-636024abc3e9,caaf0b59-29ff-4033-b7d2-5e54b9a51d5e,2025-07-23 02:20:03.298043+00,2025-07-23 02:20:03.298158+00
f4aea074-e38d-44bc-b3c7-b51b7c4b9bf8,278b42d0-ab3f-49ae-b964-6e5d03865713,f2461266-a9d5-4946-b685-91bb96aaf663,2025-07-23 02:20:47.860002+00,2025-07-23 02:20:47.86009+00
f4b75ab4-1fa1-433f-8383-935e7a9e62f7,488654fc-95f1-4065-91f1-b6a7e5224129,0397c1dd-b85f-4205-8b59-c7633491790a,2025-07-23 02:19:05.003832+00,2025-07-23 02:19:05.00388+00
f5e0c525-7563-4224-a77f-3d730bf61aaf,84058616-d360-4959-81ef-aa2241864e31,c04aea25-0d3f-4c6f-93f9-f45a6a47cab3,2025-07-23 02:18:40.281995+00,2025-07-23 02:18:40.282048+00
f710b6c9-1945-4b80-8743-223e020922c2,ea5c6299-1988-42c4-bc8b-1644f890eff8,fe4837fc-fc45-494c-a01c-68098fac272f,2025-07-23 02:19:33.962965+00,2025-07-23 02:19:33.963029+00
f73a5b7a-74a2-4584-8dca-0ab3efc4d75b,e7c07afa-f2da-4c02-b5b0-2fb1188eded2,1ac24eb4-b62f-4ef6-a381-fedf32046bdc,2025-07-23 02:19:07.880448+00,2025-07-23 02:19:07.880501+00
f8ac93c6-5bb6-43d0-98fa-7e115f58b051,c96825d9-3c67-4dc0-8438-60a7790788f5,6c51ed8b-9c6e-4553-b9a3-56e84eb8a1ae,2025-07-23 02:19:01.997592+00,2025-07-23 02:19:01.997643+00
f8c1d1d4-5fde-4337-863e-357079cf167d,89be1424-7819-429f-92ba-37a945782677,7032f1b3-6d84-46de-bb87-a163af53e429,2025-07-23 02:19:12.15369+00,2025-07-23 02:19:12.153741+00
f8de4c90-03c4-4736-a191-e20c2f6ae5b1,ffcf4486-91c2-4269-a33c-7949723563ab,fbc66208-9a75-40cf-b120-eecd5234ae31,2025-07-23 02:20:33.577719+00,2025-07-23 02:20:33.577776+00
fc9c2326-0565-4001-acbe-0ba2a6a7d007,278b42d0-ab3f-49ae-b964-6e5d03865713,f2461266-a9d5-4946-b685-91bb96aaf663,2025-07-23 02:20:49.217219+00,2025-07-23 02:20:49.217304+00